City_ID,City,Lat,Lng,Max Temp,Humidity,Cloudiness,Wind Speed,Country,Date
0,Soma,39.1855,27.6094,60.21,65,10,2.51,TR,2021-10-23 17:20:23
1,Butaritari,3.0707,172.7902,81.32,71,78,8.16,KI,2021-10-23 17:34:18
2,Murray Bridge,-35.1167,139.2667,53.69,92,14,5.23,AU,2021-10-23 17:30:15
3,Alyangula,-13.8483,136.4192,78.67,94,22,0.0,AU,2021-10-23 17:34:19
4,Ajdabiya,30.7554,20.2263,77.45,31,58,13.71,LY,2021-10-23 17:34:20
5,Dikson,73.5069,80.5464,10.04,87,100,11.74,RU,2021-10-23 17:34:20
6,Teeli,51.0333,90.2333,29.17,85,24,1.45,RU,2021-10-23 17:34:21
7,Martapura,-3.4167,114.85,78.89,94,75,1.14,ID,2021-10-23 17:34:21
8,Atar,20.5169,-13.0499,90.63,10,3,4.43,MR,2021-10-23 17:34:22
9,Mangaluru,12.8667,74.8833,79.66,89,40,0.0,IN,2021-10-23 17:29:38
10,Norman Wells,65.282,-126.8329,37.44,75,20,4.61,CA,2021-10-23 17:29:37
11,Monroe,43.1501,-77.6831,49.66,75,90,6.91,US,2021-10-23 17:34:22
12,Nouadhibou,20.931,-17.0347,69.1,80,0,22.48,MR,2021-10-23 17:34:23
13,Saskylakh,71.9167,114.0833,7.38,95,100,16.08,RU,2021-10-23 17:34:23
14,Albany,42.6001,-73.9662,54.81,59,68,1.01,US,2021-10-23 17:34:24
15,La Paz,-16.5,-68.15,69.78,7,20,6.91,BO,2021-10-23 17:34:24
16,Cherskiy,68.75,161.3,-6.66,100,100,2.3,RU,2021-10-23 17:34:24
17,Huilong,31.8111,121.655,63.03,57,100,5.73,CN,2021-10-23 17:34:25
18,Wahiawa,21.5028,-158.0236,74.79,79,20,0.0,US,2021-10-23 17:34:25
19,Hermanus,-34.4187,19.2345,57.9,70,62,8.14,ZA,2021-10-23 17:34:26
20,Carnarvon,-24.8667,113.6333,69.87,73,0,13.8,AU,2021-10-23 17:34:26
21,Barrow,71.2906,-156.7887,30.22,86,90,13.8,US,2021-10-23 17:34:26
22,Puerto Ayora,-0.7393,-90.3518,76.96,78,91,10.07,EC,2021-10-23 17:34:27
23,Saint George,37.1041,-113.5841,72.07,27,1,1.01,US,2021-10-23 17:31:15
24,Grand Gaube,-20.0064,57.6608,75.6,74,3,5.01,MU,2021-10-23 17:34:28
25,Nikolskoye,59.7035,30.7861,37.29,86,100,9.44,RU,2021-10-23 17:34:28
26,Yellowknife,62.456,-114.3525,42.42,79,40,19.57,CA,2021-10-23 17:32:45
27,San Policarpo,12.1791,125.5072,79.99,82,100,7.11,PH,2021-10-23 17:34:29
28,Chifeng,42.2683,118.9636,40.78,49,0,5.66,CN,2021-10-23 17:34:29
29,Punta Arenas,-53.15,-70.9167,42.91,81,75,39.12,CL,2021-10-23 17:34:30
30,Nuevo Casas Grandes,30.4167,-107.9167,73.74,26,0,13.0,MX,2021-10-23 17:34:30
31,Castro,-24.7911,-50.0119,74.01,54,89,6.87,BR,2021-10-23 17:34:16
32,Pisco,-13.7,-76.2167,67.01,72,0,10.36,PE,2021-10-23 17:34:31
33,Faanui,-16.4833,-151.75,77.2,76,89,4.07,PF,2021-10-23 17:34:31
34,San Lawrenz,36.0553,14.204,72.81,91,100,4.0,MT,2021-10-23 17:34:32
35,Chokurdakh,70.6333,147.9167,-4.32,94,100,5.79,RU,2021-10-23 17:34:32
36,Provideniya,64.3833,-173.3,22.55,78,100,8.77,RU,2021-10-23 17:34:33
37,Port Alfred,-33.5906,26.891,61.2,70,27,29.28,ZA,2021-10-23 17:34:33
38,College,64.8569,-147.8028,26.58,90,40,0.0,US,2021-10-23 17:34:33
39,Hobart,-42.8794,147.3294,52.02,93,90,3.0,AU,2021-10-23 17:34:34
40,Kapuskasing,49.4169,-82.4331,41.09,87,90,13.8,CA,2021-10-23 17:34:35
41,Alberdi,-32.8899,-60.6906,72.7,68,75,8.01,AR,2021-10-23 17:34:35
42,San Cosme Y Damian,-27.3167,-56.35,64.09,97,100,3.13,PY,2021-10-23 17:34:36
43,Narsaq,60.9167,-46.05,37.62,78,90,3.44,GL,2021-10-23 17:34:36
44,Vaini,-21.2,-175.2,69.96,88,75,10.36,TO,2021-10-23 17:34:37
45,Constitucion,-35.3333,-72.4167,59.38,53,5,16.98,CL,2021-10-23 17:29:41
46,The Valley,18.217,-63.0578,87.66,65,20,14.97,AI,2021-10-23 17:34:37
47,Aklavik,68.2191,-135.0107,28.4,86,75,6.91,CA,2021-10-23 17:34:38
48,Rio Gallegos,-51.6226,-69.2181,53.65,26,75,44.87,AR,2021-10-23 17:32:39
49,Ushuaia,-54.8,-68.3,38.86,81,75,13.8,AR,2021-10-23 17:30:53
50,Cape Town,-33.9258,18.4232,62.1,66,75,1.01,ZA,2021-10-23 17:30:03
51,Mataura,-46.1927,168.8643,49.35,97,100,0.98,NZ,2021-10-23 17:34:38
52,Bredasdorp,-34.5322,20.0403,58.32,72,68,10.36,ZA,2021-10-23 17:34:39
53,Sitka,57.0531,-135.33,48.09,66,75,9.22,US,2021-10-23 17:34:39
54,Lorengau,-2.0226,147.2712,80.29,82,89,9.04,PG,2021-10-23 17:34:40
55,Sambava,-14.2667,50.1667,75.92,91,46,3.18,MG,2021-10-23 17:34:40
56,Bluff,-46.6,168.3333,52.11,89,100,3.98,NZ,2021-10-23 17:34:41
57,Busselton,-33.65,115.3333,53.1,82,30,6.26,AU,2021-10-23 17:34:41
58,Saint-Joseph,-21.3667,55.6167,74.46,81,78,7.36,RE,2021-10-23 17:34:41
59,Huittinen,61.1833,22.7,31.87,92,47,5.39,FI,2021-10-23 17:34:42
60,Ribeira Grande,38.5167,-28.7,72.0,60,20,10.36,PT,2021-10-23 17:34:42
61,Rabo De Peixe,37.8,-25.5833,71.11,64,20,11.5,PT,2021-10-23 17:34:43
62,San Cristobal,7.7669,-72.225,80.78,58,83,5.12,VE,2021-10-23 17:34:43
63,Homer,59.6425,-151.5483,41.04,92,90,3.44,US,2021-10-23 17:34:44
64,Nagato,34.3833,131.2,58.91,67,48,7.4,JP,2021-10-23 17:34:44
65,Arraial Do Cabo,-22.9661,-42.0278,78.76,73,0,20.71,BR,2021-10-23 17:34:45
66,Bengkulu,-3.8004,102.2655,75.78,90,61,3.71,ID,2021-10-23 17:34:45
67,Magalia,39.8121,-121.5783,50.14,90,93,1.01,US,2021-10-23 17:34:46
68,Douentza,14.9951,-2.9517,96.28,23,35,6.87,ML,2021-10-23 17:34:46
69,Mahebourg,-20.4081,57.7,75.49,78,40,10.36,MU,2021-10-23 17:34:47
70,Bethel,41.3712,-73.414,58.59,60,90,6.91,US,2021-10-23 17:34:26
71,Taoudenni,22.6783,-3.9836,89.04,17,0,4.21,ML,2021-10-23 17:34:47
72,Codrington,-38.2667,141.9667,48.88,85,21,12.93,AU,2021-10-23 17:34:48
73,Talavera,15.6167,120.9333,74.1,89,100,4.45,PH,2021-10-23 17:34:48
74,Coquimbo,-29.9533,-71.3436,60.53,67,20,10.36,CL,2021-10-23 17:34:49
75,Ahipara,-35.1667,173.1667,59.94,97,92,1.74,NZ,2021-10-23 17:34:49
76,Mustafabad,30.8922,73.4989,66.81,84,16,13.49,PK,2021-10-23 17:34:49
77,Boa Vista,2.8197,-60.6733,91.38,49,40,13.8,BR,2021-10-23 17:32:45
78,Atuona,-9.8,-139.0333,78.06,77,18,18.07,PF,2021-10-23 17:34:50
79,Marzuq,14.4,46.4667,75.65,27,13,1.05,YE,2021-10-23 17:34:51
80,Tasiilaq,65.6145,-37.6368,33.96,84,100,5.23,GL,2021-10-23 17:34:51
81,Hambantota,6.1241,81.1185,79.38,78,14,12.62,LK,2021-10-23 17:34:51
82,Magdagachi,53.45,125.8,32.9,84,8,4.59,RU,2021-10-23 17:34:52
83,Yumen,40.2833,97.2,42.37,41,86,6.55,CN,2021-10-23 17:34:52
84,Thompson,55.7435,-97.8558,33.96,75,75,4.61,CA,2021-10-23 17:30:20
85,New Norfolk,-42.7826,147.0587,51.66,82,100,5.01,AU,2021-10-23 17:34:53
86,Dingle,10.9995,122.6711,74.35,95,100,5.84,PH,2021-10-23 17:31:00
87,Belmonte,-15.8631,-38.8828,78.8,90,100,10.27,BR,2021-10-23 17:34:54
88,Opuwo,-18.0607,13.84,76.86,12,3,12.1,NA,2021-10-23 17:34:54
89,Vestmannaeyjar,63.4427,-20.2734,47.39,87,75,9.22,IS,2021-10-23 17:34:55
90,Dolores,-36.3132,-57.6792,65.39,64,79,15.41,AR,2021-10-23 17:34:55
91,Acapulco,16.8634,-99.8901,75.02,94,90,13.8,MX,2021-10-23 17:32:23
92,Kapaa,22.0752,-159.319,75.52,90,40,12.66,US,2021-10-23 17:34:56
93,Rikitea,-23.1203,-134.9692,74.71,82,72,19.44,PF,2021-10-23 17:34:56
94,Fortuna,40.5982,-124.1573,57.65,85,90,15.99,US,2021-10-23 17:34:57
95,Salamiyah,35.0113,37.0532,67.98,59,0,7.2,SY,2021-10-23 17:34:57
96,Tabou,4.423,-7.3528,78.28,87,89,7.4,CI,2021-10-23 17:34:58
97,Broome,42.2506,-75.833,50.77,74,90,1.01,US,2021-10-23 17:34:58
98,Qaanaaq,77.484,-69.3632,-1.39,57,0,7.94,GL,2021-10-23 17:34:59
99,Tuktoyaktuk,69.4541,-133.0374,28.4,93,90,11.5,CA,2021-10-23 17:34:59
100,Darhan,49.4867,105.9228,36.19,50,35,3.0,MN,2021-10-23 17:35:00
101,Yulara,-25.2406,130.9889,69.64,32,0,10.36,AU,2021-10-23 17:35:00
102,Padang,-0.9492,100.3543,77.11,90,75,3.13,ID,2021-10-23 17:35:00
103,Moree,-29.4667,149.85,62.62,67,0,9.22,AU,2021-10-23 17:35:01
104,Kodiak,57.79,-152.4072,44.11,76,90,12.66,US,2021-10-23 17:35:02
105,Bandar-E Lengeh,26.5579,54.8807,82.51,65,0,4.61,IR,2021-10-23 17:35:02
106,Praia Da Vitoria,38.7333,-27.0667,71.85,73,20,13.0,PT,2021-10-23 17:35:03
107,Khatanga,71.9667,102.5,10.92,92,100,17.07,RU,2021-10-23 17:35:04
108,Sept-Iles,50.2001,-66.3821,49.05,98,90,5.01,CA,2021-10-23 17:30:12
109,Qasigiannguit,68.8193,-51.1922,19.65,95,100,4.45,GL,2021-10-23 17:35:05
110,Ancud,-41.8697,-73.8203,56.73,58,13,10.63,CL,2021-10-23 17:35:06
111,Trussville,33.6198,-86.6089,73.33,58,1,8.05,US,2021-10-23 17:35:06
112,Davila,18.4726,120.5763,79.66,82,97,16.37,PH,2021-10-23 17:35:07
113,Canutama,-6.5339,-64.3831,101.03,29,10,5.01,BR,2021-10-23 17:35:08
114,Mar Del Plata,-38.0023,-57.5575,68.02,64,40,7.0,AR,2021-10-23 17:35:08
115,Jamestown,42.097,-79.2353,49.59,83,90,1.99,US,2021-10-23 17:30:21
116,Vao,-22.6667,167.4833,71.33,79,95,16.24,NC,2021-10-23 17:35:09
117,Suna,57.8338,50.0588,42.12,82,99,11.12,RU,2021-10-23 17:35:10
118,Denpasar,-8.65,115.2167,78.46,88,40,3.44,ID,2021-10-23 17:35:10
119,Severo-Kurilsk,50.6789,156.125,38.95,78,59,8.08,RU,2021-10-23 17:35:10
120,Novikovo,51.1537,37.8879,46.08,58,16,11.01,RU,2021-10-23 17:35:11
121,Esperance,-33.8667,121.9,51.64,68,9,17.87,AU,2021-10-23 17:35:11
122,Witu,-2.3889,40.4382,77.16,83,39,8.5,KE,2021-10-23 17:35:12
123,Do Gonbadan,30.3586,50.7981,71.69,23,0,0.0,IR,2021-10-23 17:35:12
124,Buluang,13.3068,123.3425,75.92,93,100,3.94,PH,2021-10-23 17:35:12
125,Kahului,20.8947,-156.47,77.85,80,20,11.5,US,2021-10-23 17:35:13
126,Panama City,8.9936,-79.5197,87.17,78,40,6.91,PA,2021-10-23 17:31:04
127,Touros,-5.1989,-35.4608,88.7,57,29,12.71,BR,2021-10-23 17:35:14
128,Upernavik,72.7868,-56.1549,19.47,80,79,5.95,GL,2021-10-23 17:35:14
129,Jumla,29.2747,82.1838,47.25,86,5,4.18,NP,2021-10-23 17:35:15
130,Takoradi,4.8845,-1.7554,78.49,83,95,7.34,GH,2021-10-23 17:35:15
131,Port Lincoln,-34.7333,135.8667,53.44,78,4,10.18,AU,2021-10-23 17:35:16
132,Mingshui,36.7167,117.5,50.72,53,74,4.09,CN,2021-10-23 17:35:16
133,Klaksvik,62.2266,-6.589,50.92,95,100,23.22,FO,2021-10-23 17:35:17
134,Phetchaburi,12.9667,99.5833,73.11,99,99,3.4,TH,2021-10-23 17:35:17
135,Leningradskiy,69.3833,178.4167,9.28,88,100,8.72,RU,2021-10-23 17:30:57
136,Nanortalik,60.1432,-45.2371,36.43,74,24,6.26,GL,2021-10-23 17:35:18
137,Narasannapeta,18.4167,84.05,78.22,68,49,3.69,IN,2021-10-23 17:35:18
138,Saint-Philippe,-21.3585,55.7679,75.47,81,81,12.44,RE,2021-10-23 17:35:18
139,Henties Bay,-22.116,14.2845,62.85,83,0,15.39,NA,2021-10-23 17:35:19
140,Hithadhoo,-0.6,73.0833,82.35,74,98,11.77,MV,2021-10-23 17:35:19
141,Agadez,19.75,10.25,86.02,14,2,8.77,NE,2021-10-23 17:35:20
142,Rocha,-34.4833,-54.3333,60.3,77,100,2.44,UY,2021-10-23 17:35:20
143,Palu,-0.8917,119.8707,74.91,95,100,2.66,ID,2021-10-23 17:35:21
144,Salina,38.8403,-97.6114,72.3,72,90,8.05,US,2021-10-23 17:35:21
145,Namatanai,-3.6667,152.4333,78.76,80,47,7.47,PG,2021-10-23 17:35:22
146,Gojra,31.1487,72.6866,67.62,77,0,9.91,PK,2021-10-23 17:31:50
147,Samarai,-10.6167,150.6667,80.42,83,98,12.15,PG,2021-10-23 17:35:22
148,Daultala,33.1925,73.1413,65.62,72,2,8.72,PK,2021-10-23 17:35:23
149,Kassala,15.451,36.4,91.38,22,15,7.85,SD,2021-10-23 17:35:23
150,Tura,25.5198,90.2201,66.36,87,0,2.95,IN,2021-10-23 17:35:24
151,Surt,31.2089,16.5887,84.22,33,100,17.67,LY,2021-10-23 17:35:25
152,Nagornyy,52.7959,83.5498,43.95,67,99,28.99,RU,2021-10-23 17:35:25
153,Avarua,-21.2078,-159.775,69.85,68,20,5.75,CK,2021-10-23 17:35:25
154,Lebu,-37.6167,-73.65,55.35,65,70,9.26,CL,2021-10-23 17:35:26
155,Muzhi,65.3667,64.6667,29.57,76,53,16.73,RU,2021-10-23 17:35:26
156,Maceio,-9.6658,-35.7353,90.84,62,40,14.97,BR,2021-10-23 17:35:27
157,Seydi,39.4816,62.9137,51.75,33,0,10.63,TM,2021-10-23 17:35:27
158,Port Macquarie,-31.4333,152.9167,64.89,94,19,6.4,AU,2021-10-23 17:35:04
159,Hobyo,5.3505,48.5268,80.1,78,10,11.88,SO,2021-10-23 17:35:28
160,Weligama,5.9667,80.4167,78.93,80,11,7.96,LK,2021-10-23 17:35:28
161,Alice Springs,-23.7,133.8833,71.15,35,52,10.36,AU,2021-10-23 17:33:53
162,Grand Forks,47.9417,-97.4337,43.79,76,20,4.61,US,2021-10-23 17:35:29
163,Linay,8.5167,123.1333,77.07,88,99,3.27,PH,2021-10-23 17:35:30
164,Longyearbyen,78.2186,15.6401,19.24,79,40,4.61,SJ,2021-10-23 17:35:30
165,Grande Prairie,55.1667,-118.8027,35.78,100,75,2.3,CA,2021-10-23 17:35:30
166,Tual,-5.6667,132.75,83.64,76,80,11.83,ID,2021-10-23 17:35:31
167,Taitung,22.7583,121.1444,72.79,81,23,10.22,TW,2021-10-23 17:35:31
168,Ilebo,-4.3167,20.5833,74.32,86,69,2.24,CD,2021-10-23 17:35:32
169,Key Largo,25.0865,-80.4473,90.0,72,93,9.86,US,2021-10-23 17:35:32
170,Itoman,26.1247,127.6694,73.42,60,75,9.22,JP,2021-10-23 17:35:32
171,Hasaki,35.7333,140.8333,39.6,56,0,13.35,JP,2021-10-23 17:35:33
172,Bathsheba,13.2167,-59.5167,88.41,62,40,24.16,BB,2021-10-23 17:35:33
173,Kruisfontein,-34.0033,24.7314,59.88,68,7,18.05,ZA,2021-10-23 17:35:34
174,Hilo,19.7297,-155.09,73.26,96,90,5.75,US,2021-10-23 17:35:34
175,San Patricio,28.017,-97.5169,86.05,54,95,13.09,US,2021-10-23 17:35:35
176,Mende,44.6667,3.5,33.46,79,0,4.38,FR,2021-10-23 17:35:35
177,Beloha,-25.1667,45.05,72.01,78,11,6.15,MG,2021-10-23 17:35:36
178,Gasa,31.5,34.4667,73.9,58,0,9.15,PS,2021-10-23 17:35:36
179,Akyab,20.15,92.9,76.89,82,98,5.14,MM,2021-10-23 17:35:37
180,Lavrentiya,65.5833,-171.0,23.67,87,100,9.95,RU,2021-10-23 17:35:37
181,Tiksi,71.6872,128.8694,-2.22,100,98,4.81,RU,2021-10-23 17:35:38
182,Port Elizabeth,-33.918,25.5701,62.1,72,20,26.46,ZA,2021-10-23 17:35:38
183,Saint-Francois,46.4154,3.9054,45.68,77,0,2.3,FR,2021-10-23 17:35:39
184,Ampanihy,-24.7,44.75,73.24,64,3,3.11,MG,2021-10-23 17:35:39
185,Dangara,29.6799,75.8931,73.33,51,3,7.7,IN,2021-10-23 17:35:40
186,Chapada Dos Guimaraes,-15.4606,-55.7497,89.26,33,48,10.22,BR,2021-10-23 17:35:40
187,Sao Filipe,14.8961,-24.4956,80.26,67,0,4.23,CV,2021-10-23 17:35:41
188,Geraldton,-28.7667,114.6,57.61,88,0,5.75,AU,2021-10-23 17:35:41
189,Lagos,6.5833,3.75,79.12,93,98,5.55,NG,2021-10-23 17:34:08
190,Luderitz,-26.6481,15.1594,60.71,71,23,18.59,NA,2021-10-23 17:35:42
191,Hamilton,39.1834,-84.5333,61.65,67,20,1.99,US,2021-10-23 17:34:20
192,Yetkul,54.8221,61.588,49.98,85,39,10.22,RU,2021-10-23 17:35:42
193,Kautokeino,69.0125,23.0412,11.91,88,92,3.94,NO,2021-10-23 17:35:43
194,Adrar,20.5022,-10.0711,82.47,17,26,0.85,MR,2021-10-23 17:35:43
195,Kisangani,0.5167,25.2,75.07,83,98,2.13,CD,2021-10-23 17:35:44
196,Kaitangata,-46.2817,169.8464,50.4,90,100,3.51,NZ,2021-10-23 17:35:44
197,Nishihara,26.1842,127.7558,72.68,61,75,9.22,JP,2021-10-23 17:35:45
198,Jabinyanah,35.035,10.9081,76.8,83,100,12.91,TN,2021-10-23 17:35:45
199,Kodinsk,58.6881,99.1844,35.65,69,99,10.92,RU,2021-10-23 17:35:45
200,Westport,41.1415,-73.3579,60.1,62,90,1.01,US,2021-10-23 17:35:46
201,Roebourne,-20.7833,117.1333,80.22,38,66,5.06,AU,2021-10-23 17:35:46
202,Caravelas,-17.7125,-39.2481,79.41,68,62,8.9,BR,2021-10-23 17:35:47
203,Khorramshahr,30.4397,48.1664,75.16,33,0,2.3,IR,2021-10-23 17:35:47
204,Nova Borova,50.693,28.6345,44.46,61,53,12.17,UA,2021-10-23 17:35:48
205,Torbay,47.6666,-52.7314,63.88,93,90,16.11,CA,2021-10-23 17:35:31
206,Humaita,-7.5061,-63.0208,97.3,36,60,4.18,BR,2021-10-23 17:35:49
207,Bereda,43.2686,-7.5406,58.14,79,100,2.26,ES,2021-10-23 17:35:49
208,Vredendal,-31.6683,18.5012,59.7,63,6,11.88,ZA,2021-10-23 17:35:50
209,Bairiki,1.3292,172.9752,78.8,78,40,2.3,KI,2021-10-23 17:35:50
210,Ponta Do Sol,32.6667,-17.1,73.0,69,26,3.6,PT,2021-10-23 17:35:50
211,Tongliao,43.6125,122.2653,41.41,50,0,7.18,CN,2021-10-23 17:35:22
212,Damietta,31.4165,31.8133,73.29,59,0,9.33,EG,2021-10-23 17:35:51
213,Newport,51.5877,-2.9984,55.45,71,100,17.16,GB,2021-10-23 17:35:51
214,Bansud,12.865,121.4564,75.15,94,100,9.91,PH,2021-10-23 17:35:52
215,Horsham,51.064,-0.3272,56.25,65,75,3.44,GB,2021-10-23 17:35:52
216,Mariquita,5.1989,-74.893,82.81,72,94,5.17,CO,2021-10-23 17:31:40
217,Huarmey,-10.0681,-78.1522,70.07,70,84,12.95,PE,2021-10-23 17:35:53
218,Alofi,-19.0595,-169.9187,66.09,82,33,6.91,NU,2021-10-23 17:32:16
219,Belyy Yar,53.6039,91.3903,39.09,65,0,11.18,RU,2021-10-23 17:35:53
220,Ilulissat,69.2167,-51.1,19.42,79,90,21.85,GL,2021-10-23 17:35:54
221,Omboue,-1.5746,9.2618,76.71,84,92,6.2,GA,2021-10-23 17:35:54
222,Muros,42.7762,-9.0603,60.15,77,88,1.28,ES,2021-10-23 17:35:55
223,Laguna Beach,33.5423,-117.7831,66.49,93,90,1.99,US,2021-10-23 17:32:52
224,Kushiro,42.975,144.3747,39.72,80,0,5.48,JP,2021-10-23 17:35:55
225,Vardo,70.3705,31.1107,33.33,78,99,16.28,NO,2021-10-23 17:35:56
226,East London,-33.0153,27.9116,63.54,59,0,24.16,ZA,2021-10-23 17:34:58
227,Hualmay,-11.0964,-77.6139,68.65,70,38,12.26,PE,2021-10-23 17:35:56
228,Half Moon Bay,37.4636,-122.4286,64.81,79,20,6.91,US,2021-10-23 17:35:57
229,Airai,-8.9266,125.4092,61.5,83,72,1.9,TL,2021-10-23 17:35:57
230,Chuy,-33.6971,-53.4616,60.42,79,100,3.91,UY,2021-10-23 17:35:58
231,Pucallpa,-8.3791,-74.5539,101.71,29,37,5.21,PE,2021-10-23 17:35:58
232,Moerai,-22.4333,-151.3333,71.47,64,100,8.81,PF,2021-10-23 17:35:58
233,Talnakh,69.4865,88.3972,22.96,96,100,7.18,RU,2021-10-23 17:35:59
234,Los Llanos De Aridane,28.6585,-17.9182,66.13,76,75,10.0,ES,2021-10-23 17:35:59
235,Utena,55.5,25.6,40.71,85,68,13.24,LT,2021-10-23 17:36:00
236,Russell,32.3502,-85.1999,73.96,51,1,0.0,US,2021-10-23 17:36:00
237,Iqaluit,63.7506,-68.5145,31.73,69,40,2.3,CA,2021-10-23 17:35:59
238,Grindavik,63.8424,-22.4338,46.87,100,75,13.8,IS,2021-10-23 17:36:01
239,Nikki,9.9401,3.2108,76.57,79,76,6.44,BJ,2021-10-23 17:36:01
240,Necochea,-38.5473,-58.7368,62.04,57,87,19.75,AR,2021-10-23 17:36:02
241,Ulaangom,49.9811,92.0667,33.39,64,27,2.57,MN,2021-10-23 17:36:03
242,Aswan,24.0934,32.907,85.3,23,0,11.5,EG,2021-10-23 17:36:03
243,Tomatlan,19.9333,-105.25,87.46,63,100,4.29,MX,2021-10-23 17:36:04
244,Eravur,7.7733,81.6095,78.85,82,57,4.72,LK,2021-10-23 17:36:04
245,Verkhneuralsk,53.8769,59.2106,48.4,82,55,13.51,RU,2021-10-23 17:36:05
246,Kelo,9.3086,15.8066,82.92,52,14,4.05,TD,2021-10-23 17:36:05
247,Kadyy,57.787,43.1903,41.83,83,100,7.96,RU,2021-10-23 17:36:06
248,Katherine,-14.4667,132.2667,84.52,54,73,8.05,AU,2021-10-23 17:36:06
249,Fairbanks,64.8378,-147.7164,26.6,90,1,0.0,US,2021-10-23 17:35:32
250,Gagra,43.3283,40.2239,57.67,62,3,3.0,GE,2021-10-23 17:36:07
251,Ternate,0.8,127.4,80.37,77,78,1.77,ID,2021-10-23 17:36:08
252,Sabang,5.8933,95.3214,81.37,76,91,5.28,ID,2021-10-23 17:36:08
253,Arrifes,37.7667,-25.7,70.05,64,20,11.5,PT,2021-10-23 17:36:08
254,Tuatapere,-46.1333,167.6833,50.85,97,100,0.96,NZ,2021-10-23 17:36:09
255,Caucaia,-3.7361,-38.6531,90.07,66,40,13.8,BR,2021-10-23 17:36:09
256,Dunedin,-45.8742,170.5036,53.8,83,100,8.01,NZ,2021-10-23 17:36:10
257,Maneadero,31.7167,-116.5667,66.18,78,85,3.0,MX,2021-10-23 17:36:10
258,Kamenka,51.3223,42.7678,52.68,65,100,13.69,RU,2021-10-23 17:36:11
259,Lac Du Bonnet,50.2536,-96.0612,42.06,57,16,4.14,CA,2021-10-23 17:36:11
260,Pangnirtung,66.1451,-65.7125,30.2,86,90,6.91,CA,2021-10-23 17:36:12
261,Sokoni,-6.4333,39.55,78.62,76,31,15.28,TZ,2021-10-23 17:36:12
262,Bacolod,10.6667,122.95,76.78,88,100,3.83,PH,2021-10-23 17:36:13
263,Zalantun,48.0,122.7167,38.17,56,0,3.91,CN,2021-10-23 17:36:13
264,Turan,16.0678,108.2208,71.58,94,75,5.75,VN,2021-10-23 17:36:14
265,Waingapu,-9.6567,120.2641,78.31,82,73,1.36,ID,2021-10-23 17:36:14
266,La Orilla,17.9833,-102.2333,84.22,69,99,4.14,MX,2021-10-23 17:36:15
267,Shache,38.4167,77.2406,51.01,32,99,4.36,CN,2021-10-23 17:36:15
268,Katobu,-4.9408,122.5276,75.29,92,89,2.55,ID,2021-10-23 17:36:15
269,Kozhva,65.1073,57.0459,26.15,91,90,9.01,RU,2021-10-23 17:36:16
270,Beisfjord,68.3751,17.5988,36.25,80,28,8.19,NO,2021-10-23 17:36:17
271,Den Helder,52.9599,4.7593,54.99,88,90,8.99,NL,2021-10-23 17:36:17
272,Graaff-Reinet,-32.2522,24.5308,60.93,50,71,16.33,ZA,2021-10-23 17:36:17
273,La Ronge,55.1001,-105.2842,35.85,75,90,14.97,CA,2021-10-23 17:36:18
274,Archidona,37.0965,-4.3887,64.38,74,46,6.04,ES,2021-10-23 17:36:18
275,Alamogordo,32.8995,-105.9603,78.57,31,1,5.01,US,2021-10-23 17:35:50
276,Victoria,22.2855,114.1577,70.25,79,69,1.01,HK,2021-10-23 17:34:16
277,Bilibino,68.0546,166.4372,-5.33,100,100,0.67,RU,2021-10-23 17:36:19
278,Hudson Bay,52.85,-102.3842,41.25,54,30,11.83,CA,2021-10-23 17:36:19
279,Tongren,27.7172,109.1853,51.46,81,0,2.15,CN,2021-10-23 17:36:20
280,Ust-Maya,60.4167,134.5333,18.28,99,93,2.37,RU,2021-10-23 17:36:21
281,Trelew,-43.249,-65.3051,64.98,10,5,11.14,AR,2021-10-23 17:36:21
282,Tarakan,3.3,117.6333,78.87,81,100,5.3,ID,2021-10-23 17:36:21
283,Mount Isa,-20.7333,139.5,71.37,73,74,0.0,AU,2021-10-23 17:36:22
284,Hofn,64.2539,-15.2082,44.98,92,100,8.97,IS,2021-10-23 17:36:22
285,Kedrovyy,56.1667,91.8167,36.01,81,100,16.96,RU,2021-10-23 17:36:23
286,Turayf,31.6725,38.6637,70.05,40,0,6.91,SA,2021-10-23 17:36:23
287,Cubuk,40.2386,33.0322,53.35,40,0,4.61,TR,2021-10-23 17:36:23
288,Seguin,29.5688,-97.9647,85.8,69,75,5.01,US,2021-10-23 17:31:47
289,Calama,-22.4667,-68.9333,70.29,13,0,29.93,CL,2021-10-23 17:36:24
290,Kavieng,-2.5744,150.7967,82.09,76,72,14.41,PG,2021-10-23 17:36:25
291,Porto Novo,6.4965,2.6036,75.87,90,97,4.74,BJ,2021-10-23 17:36:25
292,Saint-Pierre,-21.3393,55.4781,75.56,84,0,0.0,RE,2021-10-23 17:36:25
293,Dargaville,-35.9333,173.8833,60.31,98,100,7.07,NZ,2021-10-23 17:36:26
294,Zhanaozen,43.3,52.8,54.14,20,0,13.65,KZ,2021-10-23 17:36:26
295,Inuvik,68.3499,-133.7218,28.44,93,75,3.44,CA,2021-10-23 17:36:27
296,Vadso,70.0744,29.7487,27.48,87,99,13.56,NO,2021-10-23 17:36:27
297,Cidreira,-30.1811,-50.2056,72.82,73,80,9.37,BR,2021-10-23 17:36:28
298,Benghazi,32.1167,20.0667,77.65,48,20,7.87,LY,2021-10-23 17:36:28
299,Sabalgarh,26.25,77.4,73.04,57,0,3.83,IN,2021-10-23 17:36:29
300,Te Anau,-45.4167,167.7167,49.78,96,100,0.51,NZ,2021-10-23 17:36:29
301,Ribeira Brava,32.65,-17.0667,73.0,71,23,3.42,PT,2021-10-23 17:36:30
302,Labytnangi,66.6572,66.4183,27.27,91,94,8.7,RU,2021-10-23 17:36:30
303,Baft,29.234,56.6057,53.67,27,0,3.98,IR,2021-10-23 17:36:31
304,Richards Bay,-28.783,32.0377,72.05,89,8,17.47,ZA,2021-10-23 17:36:31
305,Severo-Yeniseyskiy,60.3725,93.0408,30.9,90,100,15.39,RU,2021-10-23 17:36:32
306,Jalu,29.0331,21.5482,77.2,30,1,8.88,LY,2021-10-23 17:36:32
307,Ikongo,-21.8833,47.4333,70.92,95,51,2.75,MG,2021-10-23 17:36:32
308,Chumikan,54.7183,135.315,38.19,78,48,21.16,RU,2021-10-23 17:36:33
309,Cockburn Town,21.4612,-71.1419,84.16,65,90,12.66,TC,2021-10-23 17:36:09
310,Gallup,35.5281,-108.7426,58.01,38,1,5.01,US,2021-10-23 17:36:34
311,Marsabit,2.3284,37.9899,75.6,40,50,13.06,KE,2021-10-23 17:36:34
312,Houma,29.5958,-90.7195,84.99,74,40,10.36,US,2021-10-23 17:36:35
313,Dunda,-8.1167,34.25,80.87,31,37,7.16,TZ,2021-10-23 17:36:35
314,Tilichiki,60.4667,166.1,5.68,87,96,8.86,RU,2021-10-23 17:36:35
315,Xochistlahuaca,16.7833,-98.25,74.55,95,97,2.24,MX,2021-10-23 17:36:36
316,Lusambo,-4.9667,23.45,77.61,66,92,1.48,CD,2021-10-23 17:36:36
317,Ferkessedougou,9.6,-5.2,80.58,70,97,3.51,CI,2021-10-23 17:36:37
318,Sinop,41.7711,34.8709,48.63,64,1,1.9,TR,2021-10-23 17:36:37
319,Ladushkin,54.5703,20.171,42.66,70,96,15.77,RU,2021-10-23 17:36:37
320,Zhezkazgan,47.8043,67.7144,44.71,41,11,9.33,KZ,2021-10-23 17:36:38
321,Aguimes,27.9054,-15.4461,70.66,66,40,18.41,ES,2021-10-23 17:36:38
322,Port Hardy,50.6996,-127.4199,48.38,93,40,6.91,CA,2021-10-23 17:36:39
323,Corpus Christi,27.8006,-97.3964,86.18,76,40,4.0,US,2021-10-23 17:36:39
324,Hendrina,-26.1588,29.7153,71.28,22,1,5.55,ZA,2021-10-23 17:36:39
325,Portland,45.5234,-122.6762,53.37,94,90,1.99,US,2021-10-23 17:31:56
326,Marsa Matruh,31.3525,27.2453,73.6,60,40,5.75,EG,2021-10-23 17:36:40
327,Najran,17.4924,44.1277,74.05,22,2,3.49,SA,2021-10-23 17:36:41
328,Port Blair,11.6667,92.75,80.42,78,90,1.83,IN,2021-10-23 17:35:52
329,Ostrovnoy,68.0531,39.5131,28.71,83,100,16.06,RU,2021-10-23 17:36:41
330,Seoul,37.5683,126.9778,45.84,90,0,3.44,KR,2021-10-23 17:31:55
331,Chapais,49.7834,-74.8492,35.38,59,98,4.03,CA,2021-10-23 17:36:42
332,Dubbo,-32.25,148.6167,55.53,71,10,10.36,AU,2021-10-23 17:32:13
333,Souillac,-20.5167,57.5167,75.58,78,40,10.36,MU,2021-10-23 17:36:42
334,Usinsk,65.9939,57.5281,22.98,90,57,14.25,RU,2021-10-23 17:36:43
335,Torit,4.4133,32.5678,76.98,64,74,3.56,SS,2021-10-23 17:36:43
336,Mount Gambier,-37.8333,140.7667,46.31,93,75,5.75,AU,2021-10-23 17:36:44
337,Kadoshkino,54.0257,44.4191,45.14,79,81,12.91,RU,2021-10-23 17:36:44
338,Dobryanka,58.4619,56.4165,37.26,83,61,8.03,RU,2021-10-23 17:36:45
339,Vanimo,-2.6741,141.3028,76.89,89,72,6.22,PG,2021-10-23 17:36:45
340,Lixourion,38.2019,20.4314,67.86,94,20,0.0,GR,2021-10-23 17:36:46
341,Vostok,46.4856,135.8833,28.89,90,0,6.08,RU,2021-10-23 17:36:46
342,Cabo San Lucas,22.8909,-109.9124,87.62,69,40,6.91,MX,2021-10-23 17:36:22
343,Lamar,33.6668,-95.5836,80.37,78,75,13.8,US,2021-10-23 17:36:47
344,Mayumba,-3.432,10.6554,77.31,85,72,4.43,GA,2021-10-23 17:36:47
345,Leshan,29.5623,103.7639,58.24,86,100,2.66,CN,2021-10-23 17:36:47
346,Umm Lajj,25.0213,37.2685,79.27,69,0,11.83,SA,2021-10-23 17:36:48
347,Quang Ngai,15.1167,108.8,74.41,95,100,3.42,VN,2021-10-23 17:31:54
348,Llata,-9.4167,-76.7833,69.87,41,80,12.19,PE,2021-10-23 17:36:49
349,Lander,42.833,-108.7307,50.05,59,20,4.61,US,2021-10-23 17:36:49
350,Valparaiso,-33.0393,-71.6273,71.83,48,0,10.36,CL,2021-10-23 17:36:49
351,Bambous Virieux,-20.3428,57.7575,75.45,78,40,10.36,MU,2021-10-23 17:36:50
352,Mayo,38.8876,-76.5119,68.02,66,75,1.01,US,2021-10-23 17:36:51
353,Anadyr,64.75,177.4833,-1.7,84,40,8.95,RU,2021-10-23 17:36:14
354,Xuddur,4.1213,43.8894,77.45,68,55,5.1,SO,2021-10-23 17:36:51
355,Takaka,-40.85,172.8,55.98,96,100,4.97,NZ,2021-10-23 17:34:08
356,Eyl,7.9803,49.8164,78.76,76,5,10.27,SO,2021-10-23 17:36:52
357,Gangapur,26.4833,76.7167,73.33,57,0,6.62,IN,2021-10-23 17:36:52
358,Sidi Ali,36.0998,0.4206,63.81,77,56,7.18,DZ,2021-10-23 17:36:53
359,Clinton,42.587,-82.9199,54.97,78,75,1.01,US,2021-10-23 17:36:15
360,Elizabeth City,36.2946,-76.2511,75.02,63,20,10.0,US,2021-10-23 17:34:36
361,Waterloo,43.4668,-80.5164,48.72,69,20,1.99,CA,2021-10-23 17:34:20
362,Olga,43.7444,135.2892,38.66,71,5,5.59,RU,2021-10-23 17:36:54
363,Lucea,18.451,-78.1736,87.66,63,20,3.96,JM,2021-10-23 17:36:54
364,Lishu,43.3047,124.3278,40.89,59,0,8.23,CN,2021-10-23 17:36:55
365,Kavaratti,10.5669,72.642,81.79,77,69,3.94,IN,2021-10-23 17:36:55
366,Mount Darwin,-16.7725,31.5838,83.93,28,40,4.43,ZW,2021-10-23 17:34:14
367,Palaikastron,35.2,26.25,69.75,74,3,10.31,GR,2021-10-23 17:36:56
368,Bari,41.1177,16.8512,67.84,87,20,1.14,IT,2021-10-23 17:36:56
369,Saldanha,-33.0117,17.9442,60.85,73,26,7.18,ZA,2021-10-23 17:36:57
370,Chanika,-5.4167,38.0167,69.19,75,76,7.45,TZ,2021-10-23 17:36:57
371,Cayenne,4.9333,-52.3333,81.09,85,90,3.0,GF,2021-10-23 17:36:58
372,Camacha,33.0833,-16.3333,69.53,64,40,11.5,PT,2021-10-23 17:36:58
373,Nieuw Amsterdam,5.8833,-55.0833,91.56,75,40,9.22,SR,2021-10-23 17:36:58
374,Havre-Saint-Pierre,50.2334,-63.5986,48.79,100,90,5.75,CA,2021-10-23 17:36:59
375,Salym,60.0625,71.4789,43.14,80,95,13.65,RU,2021-10-23 17:36:59
376,Shimoda,34.6667,138.95,58.14,67,91,10.78,JP,2021-10-23 17:37:00
377,Khandbari,27.3747,87.2039,64.9,90,95,1.99,NP,2021-10-23 17:37:00
378,Manga,11.6636,-1.0731,84.0,53,100,4.0,BF,2021-10-23 17:37:00
379,Vung Tau,10.346,107.0843,81.32,77,100,1.32,VN,2021-10-23 17:37:01
380,Shasta Lake,40.6804,-122.3708,54.32,93,100,2.42,US,2021-10-23 17:37:02
381,Riyadh,24.6877,46.7219,84.34,21,5,8.93,SA,2021-10-23 17:35:42
382,Kostomuksha,64.571,30.5767,24.64,95,100,3.42,RU,2021-10-23 17:37:03
383,Isangel,-19.55,169.2667,75.16,87,87,11.36,VU,2021-10-23 17:37:03
384,Moose Factory,51.2585,-80.6094,39.2,100,90,12.66,CA,2021-10-23 17:37:03
385,Basco,20.4487,121.9702,79.7,82,67,22.55,PH,2021-10-23 17:37:04
386,Sena Madureira,-9.0656,-68.6569,95.43,40,53,2.57,BR,2021-10-23 17:37:05
387,Cam Ranh,11.9214,109.1591,78.76,83,40,5.75,VN,2021-10-23 17:37:05
388,Chicama,-7.8447,-79.1469,61.34,61,56,11.03,PE,2021-10-23 17:37:05
389,Toamasina,-18.1667,49.3833,77.0,94,40,9.22,MG,2021-10-23 17:37:06
390,Puerto Ayacucho,5.6639,-67.6236,89.01,61,69,2.17,VE,2021-10-23 17:37:06
391,Srednekolymsk,67.45,153.6833,-13.9,98,58,4.36,RU,2021-10-23 17:37:07
392,Vangaindrano,-23.35,47.6,71.58,94,7,4.63,MG,2021-10-23 17:36:11
393,Bajram Curri,42.3554,20.0784,57.33,94,67,4.16,AL,2021-10-23 17:37:07
394,Georgetown,5.4112,100.3354,80.53,89,40,7.0,MY,2021-10-23 17:36:38
395,Oktyabrskiy,54.4815,53.471,45.88,76,73,7.49,RU,2021-10-23 17:37:08
396,Erzin,36.9559,36.2,68.72,45,0,2.51,TR,2021-10-23 17:37:09
397,Coahuayana,18.7333,-103.6833,87.28,62,96,3.98,MX,2021-10-23 17:37:09
398,Lazaro Cardenas,17.9583,-102.2,83.93,70,99,3.85,MX,2021-10-23 17:37:10
399,Shebunino,46.4339,141.8603,47.82,73,7,10.54,RU,2021-10-23 17:37:10
400,Otukpo,7.1913,8.1329,71.37,95,97,2.48,NG,2021-10-23 17:37:11
401,Naron,43.5167,-8.1528,61.65,83,93,5.23,ES,2021-10-23 17:37:11
402,Katsuura,35.1333,140.3,55.51,59,34,9.53,JP,2021-10-23 17:37:12
403,Norton,-17.8833,30.7,80.28,26,89,6.73,ZW,2021-10-23 17:37:12
404,Pustoshka,56.3355,29.369,37.56,96,100,11.7,RU,2021-10-23 17:37:13
405,Haines Junction,60.7522,-137.5108,24.75,93,100,0.0,CA,2021-10-23 17:37:13
406,Santa Rosalia,27.3167,-112.2833,81.64,37,0,2.46,MX,2021-10-23 17:37:13
407,Mercedes,-34.6515,-59.4307,73.51,39,43,16.98,AR,2021-10-23 17:37:14
408,Treinta Y Tres,-33.2333,-54.3833,61.02,82,100,2.66,UY,2021-10-23 17:37:14
409,Faya,18.3851,42.4509,66.31,38,6,5.19,SA,2021-10-23 17:36:21
410,Margate,51.3813,1.3862,55.11,74,59,12.3,GB,2021-10-23 17:36:14
411,Rochefort,45.9167,-1.0,55.85,65,0,9.01,FR,2021-10-23 17:37:15
412,Kununurra,-15.7667,128.7333,78.78,89,40,6.91,AU,2021-10-23 17:37:15
413,Kirakira,-10.4544,161.9205,79.57,83,22,7.52,SB,2021-10-23 17:35:32
414,Manjacaze,-24.7117,33.8828,80.62,57,0,14.32,MZ,2021-10-23 17:37:16
415,Urumqi,43.801,87.6005,36.55,87,0,2.24,CN,2021-10-23 17:37:17
416,Doha,25.2867,51.5333,82.38,53,0,10.36,QA,2021-10-23 17:37:17
417,Cache Creek,50.8101,-121.3246,51.91,67,93,7.56,CA,2021-10-23 17:37:17
418,Maridi,4.9158,29.4742,70.05,88,95,2.44,SS,2021-10-23 17:37:18
419,Baykit,61.67,96.37,32.94,92,99,9.44,RU,2021-10-23 17:37:18
420,Hirado,33.3597,129.5531,61.74,60,32,16.89,JP,2021-10-23 17:37:19
421,Lagoa,39.05,-27.9833,66.69,73,5,14.29,PT,2021-10-23 17:37:19
422,Beringovskiy,63.05,179.3167,10.81,77,25,10.38,RU,2021-10-23 17:37:20
423,La Libertad,-2.2333,-80.9,74.86,78,75,6.91,EC,2021-10-23 17:37:20
424,Cody,44.5263,-109.0565,53.04,37,75,3.44,US,2021-10-23 17:37:20
425,Novyy Urengoy,66.0833,76.6333,31.68,99,100,5.32,RU,2021-10-23 17:37:21
426,Lompoc,34.6391,-120.4579,67.08,65,1,9.22,US,2021-10-23 17:35:53
427,Sangar,63.9242,127.4739,16.68,93,100,7.81,RU,2021-10-23 17:37:21
428,Halifax,44.6453,-63.5724,65.41,94,100,1.01,CA,2021-10-23 17:34:34
429,Castelo Do Piaui,-5.3222,-41.5525,99.14,25,98,5.82,BR,2021-10-23 17:37:22
430,Bhimunipatnam,17.8833,83.4333,81.91,66,79,3.98,IN,2021-10-23 17:37:23
431,Koumac,-20.5667,164.2833,70.81,87,7,9.24,NC,2021-10-23 17:37:23
432,Tromso,69.6496,18.957,33.82,55,75,3.0,NO,2021-10-23 17:34:56
433,Luwuk,-0.9516,122.7875,76.77,77,93,3.78,ID,2021-10-23 17:37:24
434,Odesskoye,54.2111,72.9651,50.38,68,72,17.49,RU,2021-10-23 17:37:24
435,Pasighat,28.0667,95.3333,69.46,90,0,2.75,IN,2021-10-23 17:37:25
436,Hammerfest,70.6634,23.6821,32.45,100,90,10.36,NO,2021-10-23 17:37:25
437,Antigonish,45.6169,-61.9986,66.15,85,100,1.99,CA,2021-10-23 17:37:25
438,Vilyuysk,63.7553,121.6247,36.3,94,100,11.23,RU,2021-10-23 17:37:26
439,Ordzhonikidze,52.4411,61.7408,50.83,69,100,13.96,KZ,2021-10-23 17:37:26
440,Laguna,38.421,-121.4238,64.26,80,75,4.0,US,2021-10-23 17:37:27
441,Oistins,13.0667,-59.5333,87.89,62,40,24.16,BB,2021-10-23 17:33:28
442,Asyut,27.181,31.1837,80.78,39,15,15.19,EG,2021-10-23 17:37:27
443,Nome,64.5011,-165.4064,30.27,74,90,8.05,US,2021-10-23 17:37:28
444,Baruun-Urt,46.6806,113.2792,35.4,44,97,8.14,MN,2021-10-23 17:37:28
445,Tezu,27.9167,96.1667,70.93,72,22,3.2,IN,2021-10-23 17:37:29
446,Borovoy,55.4333,86.0833,40.28,93,90,15.66,RU,2021-10-23 17:37:29
447,Mae Sot,16.7167,98.5667,70.57,97,93,2.17,TH,2021-10-23 17:37:29
448,Galle,6.0367,80.217,80.47,76,17,8.66,LK,2021-10-23 17:36:06
449,Tiznit,29.5833,-9.5,67.28,68,0,4.99,MA,2021-10-23 17:37:30
450,Nyurba,63.2842,118.3319,35.64,87,100,10.09,RU,2021-10-23 17:37:30
451,Adre,13.4667,22.2,84.09,20,7,12.35,TD,2021-10-23 17:37:31
452,Thunder Bay,48.4001,-89.3168,48.56,67,75,12.66,CA,2021-10-23 17:34:19
453,Sompeta,18.9333,84.6,76.39,73,35,3.33,IN,2021-10-23 17:37:32
454,Bowen,-20.0167,148.2333,71.82,77,34,7.11,AU,2021-10-23 17:37:32
455,Lake Havasu City,34.4839,-114.3224,79.09,23,1,3.0,US,2021-10-23 17:37:32
456,Gambela,8.25,34.5833,77.49,63,22,4.5,ET,2021-10-23 17:37:33
457,Talara,-4.5772,-81.2719,70.36,75,100,16.28,PE,2021-10-23 17:37:33
458,Kangaatsiaq,68.3065,-53.4641,28.36,79,100,9.66,GL,2021-10-23 17:37:34
459,Talakan,50.3167,130.3667,31.28,93,6,1.68,RU,2021-10-23 17:37:34
460,Kerrville,30.0474,-99.1403,80.55,67,40,3.0,US,2021-10-23 17:33:48
461,Kampong Chhnang,12.1667,104.55,74.5,93,100,5.66,KH,2021-10-23 17:37:35
462,Garowe,8.4054,48.4845,79.88,57,3,16.44,SO,2021-10-23 17:37:35
463,Ulladulla,-35.35,150.4667,60.76,88,97,11.07,AU,2021-10-23 17:37:36
464,Kallithea,37.95,23.7,71.46,76,0,3.0,GR,2021-10-23 17:37:36
465,Sao Joao Da Barra,-21.6403,-41.0511,78.89,79,27,16.11,BR,2021-10-23 17:37:07
466,Midland,31.9974,-102.0779,85.05,47,40,9.22,US,2021-10-23 17:36:41
467,Rensvik,63.1,7.8167,43.07,65,0,4.61,NO,2021-10-23 17:37:37
468,Dukat,62.55,155.55,-0.9,92,99,2.15,RU,2021-10-23 17:37:38
469,San Jose,37.3394,-121.895,65.01,68,40,5.75,US,2021-10-23 17:37:15
470,Bloemhof,-27.6469,25.607,64.99,27,0,22.03,ZA,2021-10-23 17:37:39
471,Puxinana,-7.1611,-35.9606,87.58,45,75,6.91,BR,2021-10-23 17:37:39
472,Swan River,52.1058,-101.2676,39.09,75,45,10.36,CA,2021-10-23 17:37:39
473,Dakar,14.6937,-17.4441,92.28,62,0,9.22,SN,2021-10-23 17:37:40
474,Balao,-2.9167,-79.8167,80.51,69,100,4.88,EC,2021-10-23 17:37:41
475,Nabire,-3.3667,135.4833,74.89,93,91,3.29,ID,2021-10-23 17:37:41
476,Meulaboh,4.1363,96.1285,76.87,89,94,2.89,ID,2021-10-23 17:37:41
477,Yaan,7.3833,8.5667,74.01,87,91,4.27,NG,2021-10-23 17:37:42
478,Salinas,36.6777,-121.6555,63.61,72,40,3.44,US,2021-10-23 17:37:42
479,Virginia Beach,36.8529,-75.978,74.01,62,40,9.22,US,2021-10-23 17:34:19
480,Kieta,-6.2167,155.6333,78.37,83,9,2.71,PG,2021-10-23 17:37:43
481,Camargo,27.6667,-105.1667,81.36,24,0,8.28,MX,2021-10-23 17:37:43
482,Oranjestad,12.524,-70.027,91.35,58,40,21.85,AW,2021-10-23 17:37:44
483,Namie,37.4833,141.0,45.72,90,3,6.76,JP,2021-10-23 17:37:44
484,Kulhudhuffushi,6.6221,73.07,81.32,79,100,15.21,MV,2021-10-23 17:37:31
485,Copiapo,-27.3667,-70.3333,60.49,24,1,10.42,CL,2021-10-23 17:37:46
486,Tommot,58.9564,126.2925,31.35,93,85,3.11,RU,2021-10-23 17:37:46
487,Xingyi,24.1877,102.817,53.4,96,100,2.44,CN,2021-10-23 17:37:47
488,Trat,12.5,102.5,81.99,92,100,6.67,TH,2021-10-23 17:37:47
489,Yokadouma,3.5167,15.05,70.83,97,92,0.78,CM,2021-10-23 17:37:48
490,Coihaique,-45.5752,-72.0662,52.41,40,40,16.11,CL,2021-10-23 17:37:02
491,Mezibori,50.6212,13.5987,44.29,93,67,3.56,CZ,2021-10-23 17:37:48
492,Kokstad,-30.5472,29.4241,51.35,85,88,5.37,ZA,2021-10-23 17:37:49
493,Kloulklubed,7.0419,134.2556,77.5,71,99,1.61,PW,2021-10-23 17:37:49
494,Ucluelet,48.9329,-125.5528,52.11,92,100,6.8,CA,2021-10-23 17:34:20
495,Broken Hill,-31.95,141.4333,53.31,54,0,16.11,AU,2021-10-23 17:37:50
496,Hirara,24.8,125.2833,76.01,63,82,16.22,JP,2021-10-23 17:37:50
497,Kaeo,-35.1,173.7833,62.33,98,100,5.66,NZ,2021-10-23 17:37:51
498,Flinders,-34.5833,150.8552,64.2,87,79,4.0,AU,2021-10-23 17:35:19
499,Pouebo,-20.4,164.5667,70.74,85,3,5.95,NC,2021-10-23 17:37:52
500,Qui Nhon,13.7667,109.2333,74.08,97,100,10.42,VN,2021-10-23 17:37:52
501,Ambilobe,-13.2,49.05,76.73,83,34,2.06,MG,2021-10-23 17:37:53
502,Parakou,9.3372,2.6303,76.37,79,94,4.45,BJ,2021-10-23 17:37:53
503,Barra Patuca,15.8,-84.2833,83.84,75,73,5.5,HN,2021-10-23 17:37:53
504,Timra,62.487,17.3257,29.68,80,40,3.44,SE,2021-10-23 17:37:32
505,Gloversville,43.0528,-74.3438,52.66,81,71,8.61,US,2021-10-23 17:37:54
506,Kenai,60.5544,-151.2583,42.1,90,75,13.8,US,2021-10-23 17:37:55
507,Zuidhorn,53.2467,6.4028,51.94,71,94,5.75,NL,2021-10-23 17:37:55
508,Bud,39.447,-86.1758,59.13,71,68,4.36,US,2021-10-23 17:37:55
509,Yinchuan,38.4681,106.2731,50.99,48,0,3.47,CN,2021-10-23 17:37:56
510,Boa Viagem,-5.1275,-39.7322,88.83,45,99,5.23,BR,2021-10-23 17:37:56
511,Bangui,4.3612,18.555,73.29,94,39,2.73,CF,2021-10-23 17:37:57
512,Pevek,69.7008,170.3133,12.09,94,100,7.9,RU,2021-10-23 17:37:57
513,Christchurch,-43.5333,172.6333,54.95,85,90,1.01,NZ,2021-10-23 17:34:51
514,Ville-Marie,47.3335,-79.433,48.2,47,96,5.75,CA,2021-10-23 17:37:58
515,Bubaque,11.2833,-15.8333,84.15,66,84,7.25,GW,2021-10-23 17:37:58
516,Waipawa,-41.4122,175.5153,54.23,79,91,3.49,NZ,2021-10-23 17:37:59
517,Egvekinot,66.3167,-179.1667,8.89,80,100,7.31,RU,2021-10-23 17:37:59
518,Souris,49.6172,-100.2612,42.75,56,78,14.2,CA,2021-10-23 17:37:59
519,Cabedelo,-6.9811,-34.8339,86.67,68,47,11.65,BR,2021-10-23 17:38:00
520,Bismarck,46.8083,-100.7837,46.87,60,1,17.27,US,2021-10-23 17:38:00
521,Atambua,-9.1061,124.8925,75.54,86,72,1.25,ID,2021-10-23 17:38:01
522,Sosenskiy,54.059,35.9623,38.91,80,70,11.86,RU,2021-10-23 17:38:01
523,Rawson,-43.3002,-65.1023,58.24,27,4,7.61,AR,2021-10-23 17:37:04
524,Amazar,53.858,120.875,31.5,87,6,1.79,RU,2021-10-23 17:38:02
525,Teguise,29.0605,-13.564,71.82,57,75,18.41,ES,2021-10-23 17:38:03
526,Sokolo,14.7328,-6.1219,94.86,31,53,5.86,ML,2021-10-23 17:38:04
527,Praia,14.9215,-23.5087,86.54,51,0,16.11,CV,2021-10-23 17:38:04
528,Lebork,54.5392,17.7501,40.91,75,30,4.7,PL,2021-10-23 17:37:40
529,Korla,41.7597,86.1469,54.0,38,100,4.32,CN,2021-10-23 17:38:05
530,Yatou,37.15,122.3833,49.71,65,20,2.57,CN,2021-10-23 17:38:06
531,Hervey Bay,-25.2986,152.8535,76.03,87,25,16.53,AU,2021-10-23 17:38:06
532,Marsala,37.7966,12.4352,72.93,94,0,1.14,IT,2021-10-23 17:38:06
533,Kuhdasht,33.535,47.6061,59.74,27,0,7.02,IR,2021-10-23 17:38:07
534,Alta Floresta,-9.8756,-56.0861,87.62,58,0,3.44,BR,2021-10-23 17:38:07
535,Zychlin,52.244,19.6261,44.15,80,61,11.83,PL,2021-10-23 17:38:08
536,Klyuchi,52.2667,79.1667,47.52,53,99,19.04,RU,2021-10-23 17:38:08
537,Karratha,-20.7377,116.8463,80.31,41,83,6.64,AU,2021-10-23 17:37:01
538,Along,28.1667,94.7667,64.51,88,6,1.7,IN,2021-10-23 17:38:09
539,Sandwick,60.0,-1.25,51.62,87,100,21.85,GB,2021-10-23 17:38:09
540,Guarapari,-20.6667,-40.4975,78.69,80,29,13.38,BR,2021-10-23 17:38:10
541,Guerrero Negro,27.9769,-114.0611,70.92,63,4,16.31,MX,2021-10-23 17:38:10
542,Sao Jose Da Coroa Grande,-8.8978,-35.1478,82.98,68,77,12.12,BR,2021-10-23 17:38:10
543,Launceston,-41.45,147.1667,49.64,94,75,4.61,AU,2021-10-23 17:35:42
544,Livingston,55.9029,-3.5226,55.13,79,0,20.71,GB,2021-10-23 17:36:33
545,Goderich,43.7501,-81.7165,49.91,61,100,8.05,CA,2021-10-23 17:33:58
546,Lakatoro,-16.0999,167.4164,78.46,85,54,7.36,VU,2021-10-23 17:38:12
547,Harper,4.375,-7.7169,78.46,86,100,7.83,LR,2021-10-23 17:38:12
548,Brigantine,39.4101,-74.3646,65.32,73,75,4.61,US,2021-10-23 17:38:12
549,Lincoln,40.8,-96.667,58.01,61,75,5.99,US,2021-10-23 17:38:13
550,Leticia,-4.2153,-69.9406,87.85,70,40,6.91,CO,2021-10-23 17:36:34
551,Ayia Galini,35.1,24.6833,69.39,86,5,6.55,GR,2021-10-23 17:38:13
552,Flin Flon,54.7682,-101.865,37.24,93,75,6.91,CA,2021-10-23 17:38:14
553,Mokhsogollokh,61.4681,128.9203,28.45,96,100,2.62,RU,2021-10-23 17:38:14
554,Nizhniy Baskunchak,48.2198,46.8311,58.44,59,100,9.4,RU,2021-10-23 17:38:15
555,Piacabucu,-10.4056,-36.4344,83.61,69,55,14.67,BR,2021-10-23 17:38:15
556,Jicin,50.4372,15.3516,48.22,94,54,5.12,CZ,2021-10-23 17:38:16
557,Ossora,59.2353,163.0719,22.39,91,97,5.75,RU,2021-10-23 17:34:47
558,Mtwara,-10.2667,40.1833,76.5,82,3,9.82,TZ,2021-10-23 17:38:16
559,Sapa,5.1544,120.3241,78.91,84,100,4.72,PH,2021-10-23 17:38:17
560,Solton,52.8429,86.4787,40.06,69,100,10.31,RU,2021-10-23 17:38:18
561,Carutapera,-1.195,-46.02,85.8,65,96,7.25,BR,2021-10-23 17:38:18
562,Soma,39.1855,27.6094,60.21,68,9,2.37,TR,2021-10-23 17:38:18
